Token Address,Space ID,Implementation Address
0x7F7A365f8d2Fed8e3DDE3cD865ef9E45B195a9F9,377,0x8C105Debd4B222FFb2c438f7034158c6BA29aDB5
0xbfcaBc24779683E988C508d166E87902220aC360,404,0x8C105Debd4B222FFb2c438f7034158c6BA29aDB5
0xf43EdEcBb2Ca8EE90b4D01e73B90e38B2Cf505e6,404,0x8C105Debd4B222FFb2c438f7034158c6BA29aDB5
0x6F8a1905E28FBb9a2eBb916542BCEFa4Ab7d00d1,404,0x8C105Debd4B222FFb2c438f7034158c6BA29aDB5
0x653c934190640DC7b9BC479F88864EE552404977,404,0x8C105Debd4B222FFb2c438f7034158c6BA29aDB5
0x18C56DE8782774318874166cA8152aA8F0059254,404,0x8C105Debd4B222FFb2c438f7034158c6BA29aDB5
0xf50FaE4B233552eC213E3e12BB08B9AC33806286,404,0x8C105Debd4B222FFb2c438f7034158c6BA29aDB5
0x9Dd848743c599A9B847a728420620C4104F9a3db,408,0x8C105Debd4B222FFb2c438f7034158c6BA29aDB5
0xDA8D32b5739cbf3bcaA4e2e2707f01e2A54aE107,413,0xF47129F5ffA4D1CE40C4E9C4fc08Cb6d071d8Cd6
0xAe47243cfa71f4B95BCf6E2BB1D4F59599B963F0,413,0xb674B5ae66F7DDFA8c7239BC050f6aCF6B5aD818
0xe1b6C04B8E2482eeFda484f9646669f8Ce05C7F6,428,0xF47129F5ffA4D1CE40C4E9C4fc08Cb6d071d8Cd6
0xD7e6779CbB58B3F2A63dC77f49287b2fa05a9084,430,0x8C105Debd4B222FFb2c438f7034158c6BA29aDB5
0x1DE46E778C28724555e80cf58b069AF207F5E0b5,430,0x8C105Debd4B222FFb2c438f7034158c6BA29aDB5
0xE192Ca597eeA96d0940F5a20473E534E82BCC1ae,430,0x8C105Debd4B222FFb2c438f7034158c6BA29aDB5
0x082F230f0A34F280aB2042D0fF286A17F635b7A7,430,0x8C105Debd4B222FFb2c438f7034158c6BA29aDB5
0x8010b9d8CB8a630f4380efC2eAB0caaeE681D3e0,432,0xF47129F5ffA4D1CE40C4E9C4fc08Cb6d071d8Cd6
0xd8724e6609838a54F7e505679BF6818f1A3F2D40,432,0x9e17e1b07E1826cf7E22B36652a4c436435DDD11
0x9a060d7002978edce438D2b3604F313639B6ED9B,441,0x8C105Debd4B222FFb2c438f7034158c6BA29aDB5
0x34bb2F70D6916212330430550ae1AFb75dCD15eA,441,0x8C105Debd4B222FFb2c438f7034158c6BA29aDB5
0xEa3347f9c2C01eC9f834c5090593C8Dd5918d852,441,0x8C105Debd4B222FFb2c438f7034158c6BA29aDB5
0xf54E398cFfdD109b9d852e7b830fa937a3965838,441,0x8C105Debd4B222FFb2c438f7034158c6BA29aDB5
0xA99102a9f44857B57ff60Fa6C1B5AFECc3ae6F89,441,0x8C105Debd4B222FFb2c438f7034158c6BA29aDB5
0x70859BA40fBCf6ca79651D2B06aB751Bf900Bfa8,441,0x8C105Debd4B222FFb2c438f7034158c6BA29aDB5
0xC0C1E061f0131e5736A6ef3E34ba869Fb9BA0886,441,0x8C105Debd4B222FFb2c438f7034158c6BA29aDB5
0xeC69CdEf83E11dd3A2a5dc781D43334E8062E05b,441,0x8C105Debd4B222FFb2c438f7034158c6BA29aDB5
0x685D9b685d21Ad0D139f86f71C14E926C6d67d00,441,0x8C105Debd4B222FFb2c438f7034158c6BA29aDB5
0x90573aBf57f2421942A8d1f46f1426d161DF52cF,442,0x8C105Debd4B222FFb2c438f7034158c6BA29aDB5
0xE1e2140B5b07e6bb4D5f7a746cb0dF0007f6696b,442,0x8C105Debd4B222FFb2c438f7034158c6BA29aDB5
0x701Ce15476f1699847d9d0398941b992D4608618,442,0x8C105Debd4B222FFb2c438f7034158c6BA29aDB5
0xD21594eA99499726FBaeB8098518c7496A15B9A8,442,0x8C105Debd4B222FFb2c438f7034158c6BA29aDB5
0xB12c19530eb29Bcb7Dbbb1e35D48e4aC6e74Ea37,442,0x8C105Debd4B222FFb2c438f7034158c6BA29aDB5
0xD8ac3C5c80cC67C561358e50EE9BF7A5f8c968F6,442,0x8C105Debd4B222FFb2c438f7034158c6BA29aDB5
0x771Ace2B4dD60F7b45832e5BE958A69ea473729C,442,0x8C105Debd4B222FFb2c438f7034158c6BA29aDB5
0x6820AE59a798BDe29e805d88BB3029760b3201D3,442,0x8C105Debd4B222FFb2c438f7034158c6BA29aDB5
0xC8CEf367923920Eb4F34d0726dAb74671Ff4e31A,442,0x8C105Debd4B222FFb2c438f7034158c6BA29aDB5
0xa55498c4c5EfF82637EE5edAdb91087b96248634,446,0x8C105Debd4B222FFb2c438f7034158c6BA29aDB5
0x925E26c0Ec6B6185fEB8347c1eb35BC35520E73e,446,0x8C105Debd4B222FFb2c438f7034158c6BA29aDB5
0x0f600f74459D90136972c5b2078ED071C7Cc6032,446,0x8C105Debd4B222FFb2c438f7034158c6BA29aDB5
0x12a734c1ad3469fd19C3d7a4E4B89F0C26821eAE,446,0x8C105Debd4B222FFb2c438f7034158c6BA29aDB5
0xEEdf0385A9CE7B117fe8558863f47e6aAc74a569,448,0x8C105Debd4B222FFb2c438f7034158c6BA29aDB5
0x7332878258868AB334fea9Ab5f042950D33b450E,450,0x8C105Debd4B222FFb2c438f7034158c6BA29aDB5
0xA3e2806701A77A841B0e7362309bd991069f334A,453,0x8C105Debd4B222FFb2c438f7034158c6BA29aDB5
0xAC220D5A7Cb7A6d0EcD83BAECd2b748DA0F28fDE,465,0x8C105Debd4B222FFb2c438f7034158c6BA29aDB5
0xf3c42B263e20a976Ff2a5dd93a7997b7579E570a,468,0x8C105Debd4B222FFb2c438f7034158c6BA29aDB5
0x21e0df1a6B77613D3069a36e19E9570a68a9a922,469,0x8C105Debd4B222FFb2c438f7034158c6BA29aDB5
0x3f64183343Ac772cde8055CAA68771e1EDD3fA6A,473,0x8C105Debd4B222FFb2c438f7034158c6BA29aDB5
0x9e57093e0A89D1b2d82Ff3b4ee395Cc6eDcECD18,473,0x8C105Debd4B222FFb2c438f7034158c6BA29aDB5
0x03eC769EB6ef3d6514F05C08bA81b3337Affb726,473,0x8C105Debd4B222FFb2c438f7034158c6BA29aDB5
0x551A702A755FCCccE4e6364695049fe03BAE476c,473,0x8C105Debd4B222FFb2c438f7034158c6BA29aDB5
0xF31227Af108277496C4d09EeaFb0e2F02fd26EC3,473,0x8C105Debd4B222FFb2c438f7034158c6BA29aDB5
0x73917E2b039CB9d41b3DB2d889389Ec743b3712E,487,0xeF88947ee8FC7Fb418d043ce65a67A4891B9FDF0
0x92FAaf8Dc6A95400F11AA2873cC5c1D890D18D87,489,0x8C105Debd4B222FFb2c438f7034158c6BA29aDB5
0x937EF0531Bdd91e063A340006DAB768e614923B1,491,0x8C105Debd4B222FFb2c438f7034158c6BA29aDB5
0x3dF41C3CE7fcD156dA4eaaF1d2f74a7B8205D5Dd,495,0x8C105Debd4B222FFb2c438f7034158c6BA29aDB5
0x4EFb2EBD5d63D4C1Cb0B67a8e227D42222321995,516,0x8C105Debd4B222FFb2c438f7034158c6BA29aDB5
0xb8d9763e8DDf3b948f349C0a55647776eb09AF15,517,0x8C105Debd4B222FFb2c438f7034158c6BA29aDB5
0xD616548429EB5cBB3dA7A191910caDe2e27f5aFf,518,0x8C105Debd4B222FFb2c438f7034158c6BA29aDB5
0x2E27181EdAcf8723a06663D0cc1d082681FDA097,521,0x9e536e14EA59c955d37fBae65ed0965de225880b
0x8730C64c3E0A36E2b46C2Cd1fcE05B30Dee56a32,522,0x9e536e14EA59c955d37fBae65ed0965de225880b
0x1886f3fd7e0790e729f1ef3DB778137cf4f2d740,523,0xeF88947ee8FC7Fb418d043ce65a67A4891B9FDF0
0x5C47CFFD5E3F15157Ff8583e2A9388b0B32b2602,524,0xeF88947ee8FC7Fb418d043ce65a67A4891B9FDF0
0x2B8DB059941027Ac2070544b8573a508bCA4944F,536,0x8b89e59b3e621cb7f806238C160b229025D229EC
0x843047108966c466f1bd5882b58103054F6C5903,536,0xeF88947ee8FC7Fb418d043ce65a67A4891B9FDF0